"endpoint","path","backend","request_id_mode","request_id_sent","response_request_id","response_content_type","run","url","http_code","time_total","size_download","file_size","sha256","is_pdf","out_file","headers_file","error"
"declaration-of-intent-default","/v1/declaration-of-intent-default","default","auto","","6ea2271478f8ea63933aa026a69a27a9","application/pdf","1","https://pdf-generator.dev.lunupay.com/v1/declaration-of-intent-default","200","1,765042","24152","24152","b80b0b30e186b1e663b9c75a5472022a1d8b159ed46c84dc5a6796d1953fe4b2","True","D:\trading\landing2\CryptoInsightX1\CryptoInsightX\pdf_backend_check_20260204_150533\declaration-of-intent-default__default__auto__run1__20260204_150533_087.bin","D:\trading\landing2\CryptoInsightX1\CryptoInsightX\pdf_backend_check_20260204_150533\declaration-of-intent-default__default__auto__run1__20260204_150533_087.headers.txt",""
"declaration-of-intent-default","/v1/declaration-of-intent-default","default","auto","","ba08fda5ef62bb6f8f2f4b0f221cb31f","application/pdf","2","https://pdf-generator.dev.lunupay.com/v1/declaration-of-intent-default","200","1,754619","24150","24150","a1c5d98ec35c3d5c6cd9634004174beef1086eace5d4f243d63f9b2181e21d3c","True","D:\trading\landing2\CryptoInsightX1\CryptoInsightX\pdf_backend_check_20260204_150533\declaration-of-intent-default__default__auto__run2__20260204_150535_386.bin","D:\trading\landing2\CryptoInsightX1\CryptoInsightX\pdf_backend_check_20260204_150533\declaration-of-intent-default__default__auto__run2__20260204_150535_386.headers.txt",""
"declaration-of-intent-default","/v1/declaration-of-intent-default","default","auto","","6c895898108cf3b615f41b8c92e4d437","application/pdf","3","https://pdf-generator.dev.lunupay.com/v1/declaration-of-intent-default","200","1,615395","24152","24152","a09c3624af2de42553414bea244494ce928368dc2efb5aa21765dcb0c0939410","True","D:\trading\landing2\CryptoInsightX1\CryptoInsightX\pdf_backend_check_20260204_150533\declaration-of-intent-default__default__auto__run3__20260204_150537_414.bin","D:\trading\landing2\CryptoInsightX1\CryptoInsightX\pdf_backend_check_20260204_150533\declaration-of-intent-default__default__auto__run3__20260204_150537_414.headers.txt",""
"declaration-of-intent-default","/v1/declaration-of-intent-default","default","x_request_id","4bc18981-2347-4cbf-b8a8-ccb776a4e294","4bc18981-2347-4cbf-b8a8-ccb776a4e294","application/pdf","1","https://pdf-generator.dev.lunupay.com/v1/declaration-of-intent-default","200","1,870355","24150","24150","365174ebc7d97473c542065529ab45271705d16a576e425978e0920052c2df73","True","D:\trading\landing2\CryptoInsightX1\CryptoInsightX\pdf_backend_check_20260204_150533\declaration-of-intent-default__default__x_request_id__run1__20260204_150539_281.bin","D:\trading\landing2\CryptoInsightX1\CryptoInsightX\pdf_backend_check_20260204_150533\declaration-of-intent-default__default__x_request_id__run1__20260204_150539_281.headers.txt",""
"declaration-of-intent-default","/v1/declaration-of-intent-default","default","x_request_id","1964f3fc-da6e-4d77-a5cc-26f1fda94c12","1964f3fc-da6e-4d77-a5cc-26f1fda94c12","application/pdf","2","https://pdf-generator.dev.lunupay.com/v1/declaration-of-intent-default","200","1,833783","24150","24150","c0c72f234e7525a53e9ef02ae48c582ef313c06755a7f979366897536b55aca1","True","D:\trading\landing2\CryptoInsightX1\CryptoInsightX\pdf_backend_check_20260204_150533\declaration-of-intent-default__default__x_request_id__run2__20260204_150541_431.bin","D:\trading\landing2\CryptoInsightX1\CryptoInsightX\pdf_backend_check_20260204_150533\declaration-of-intent-default__default__x_request_id__run2__20260204_150541_431.headers.txt",""
"declaration-of-intent-default","/v1/declaration-of-intent-default","default","x_request_id","653fb049-4fd7-4bcf-a763-fd3103071fcf","653fb049-4fd7-4bcf-a763-fd3103071fcf","application/pdf","3","https://pdf-generator.dev.lunupay.com/v1/declaration-of-intent-default","200","1,700482","24150","24150","4f09cc6bac372d51158a4879a498c3945bcb2fc102ec46c32a02f8b5fb4b8aed","True","D:\trading\landing2\CryptoInsightX1\CryptoInsightX\pdf_backend_check_20260204_150533\declaration-of-intent-default__default__x_request_id__run3__20260204_150543_552.bin","D:\trading\landing2\CryptoInsightX1\CryptoInsightX\pdf_backend_check_20260204_150533\declaration-of-intent-default__default__x_request_id__run3__20260204_150543_552.headers.txt",""
"declaration-of-intent-default","/v1/declaration-of-intent-default","chrome","auto","","02f97032eff0a47e7df6eb74f763c108","application/pdf","1","https://pdf-generator.dev.lunupay.com/v1/declaration-of-intent-default?backend=chrome","200","3,084035","62431","62431","951e5c5f3f10e1ddefc1d7c531fb52ba714532d68b6627ad78f6338a9c297fdd","True","D:\trading\landing2\CryptoInsightX1\CryptoInsightX\pdf_backend_check_20260204_150533\declaration-of-intent-default__chrome__auto__run1__20260204_150545_501.bin","D:\trading\landing2\CryptoInsightX1\CryptoInsightX\pdf_backend_check_20260204_150533\declaration-of-intent-default__chrome__auto__run1__20260204_150545_501.headers.txt",""
"declaration-of-intent-default","/v1/declaration-of-intent-default","chrome","auto","","dc957ef3e7d1d68284dc4ee9e5014db6","application/pdf","2","https://pdf-generator.dev.lunupay.com/v1/declaration-of-intent-default?backend=chrome","200","2,967223","62431","62431","617ddc7f003e002b51713d3f7eee9edcaadd07d3a67b243116e9dd3f9b01364e","True","D:\trading\landing2\CryptoInsightX1\CryptoInsightX\pdf_backend_check_20260204_150533\declaration-of-intent-default__chrome__auto__run2__20260204_150548_841.bin","D:\trading\landing2\CryptoInsightX1\CryptoInsightX\pdf_backend_check_20260204_150533\declaration-of-intent-default__chrome__auto__run2__20260204_150548_841.headers.txt",""
"declaration-of-intent-default","/v1/declaration-of-intent-default","chrome","auto","","6979f77c56b9780c7e8f949f32fc34b6","application/pdf","3","https://pdf-generator.dev.lunupay.com/v1/declaration-of-intent-default?backend=chrome","200","3,149573","62431","62431","3f561a7934d0188eb6cc097dd3f9cf91a4cabc2a25074979d7401dead23dbb27","True","D:\trading\landing2\CryptoInsightX1\CryptoInsightX\pdf_backend_check_20260204_150533\declaration-of-intent-default__chrome__auto__run3__20260204_150552_080.bin","D:\trading\landing2\CryptoInsightX1\CryptoInsightX\pdf_backend_check_20260204_150533\declaration-of-intent-default__chrome__auto__run3__20260204_150552_080.headers.txt",""
"declaration-of-intent-default","/v1/declaration-of-intent-default","chrome","x_request_id","141cd9f4-3196-4459-948b-c4528c4cfa97","141cd9f4-3196-4459-948b-c4528c4cfa97","application/pdf","1","https://pdf-generator.dev.lunupay.com/v1/declaration-of-intent-default?backend=chrome","200","2,41345","62431","62431","84d58958386f1af08474509417c8a83ccc517bea985b80ea601f6357726df620","True","D:\trading\landing2\CryptoInsightX1\CryptoInsightX\pdf_backend_check_20260204_150533\declaration-of-intent-default__chrome__x_request_id__run1__20260204_150555_514.bin","D:\trading\landing2\CryptoInsightX1\CryptoInsightX\pdf_backend_check_20260204_150533\declaration-of-intent-default__chrome__x_request_id__run1__20260204_150555_514.headers.txt",""
"declaration-of-intent-default","/v1/declaration-of-intent-default","chrome","x_request_id","db0160a4-0385-48a8-94c9-5c3b6edc865d","db0160a4-0385-48a8-94c9-5c3b6edc865d","application/pdf","2","https://pdf-generator.dev.lunupay.com/v1/declaration-of-intent-default?backend=chrome","200","2,948033","62431","62431","643659d6d99945d3f8822a07219b46732a43d41805fdef3370b9b3c5b0f0ff26","True","D:\trading\landing2\CryptoInsightX1\CryptoInsightX\pdf_backend_check_20260204_150533\declaration-of-intent-default__chrome__x_request_id__run2__20260204_150558_197.bin","D:\trading\landing2\CryptoInsightX1\CryptoInsightX\pdf_backend_check_20260204_150533\declaration-of-intent-default__chrome__x_request_id__run2__20260204_150558_197.headers.txt",""
"declaration-of-intent-default","/v1/declaration-of-intent-default","chrome","x_request_id","f65ea741-85cd-4b83-bccb-2fd8d46709c4","f65ea741-85cd-4b83-bccb-2fd8d46709c4","application/pdf","3","https://pdf-generator.dev.lunupay.com/v1/declaration-of-intent-default?backend=chrome","200","2,902188","62431","62431","5169de48c74f09da9cd9af73750206068a216e7bc91993ac0afcdd39d673b61c","True","D:\trading\landing2\CryptoInsightX1\CryptoInsightX\pdf_backend_check_20260204_150533\declaration-of-intent-default__chrome__x_request_id__run3__20260204_150601_413.bin","D:\trading\landing2\CryptoInsightX1\CryptoInsightX\pdf_backend_check_20260204_150533\declaration-of-intent-default__chrome__x_request_id__run3__20260204_150601_413.headers.txt",""
"declaration-of-intent-default","/v1/declaration-of-intent-default","weasyprint","auto","","0d6f891884fa631b65286c91fac5f2d1","application/pdf","1","https://pdf-generator.dev.lunupay.com/v1/declaration-of-intent-default?backend=weasyprint","200","1,682051","24149","24149","af5285de4186c1595c46f9a22b918a04da916f2f0bcd3ec722c9cbf583ce5d79","True","D:\trading\landing2\CryptoInsightX1\CryptoInsightX\pdf_backend_check_20260204_150533\declaration-of-intent-default__weasyprint__auto__run1__20260204_150604_583.bin","D:\trading\landing2\CryptoInsightX1\CryptoInsightX\pdf_backend_check_20260204_150533\declaration-of-intent-default__weasyprint__auto__run1__20260204_150604_583.headers.txt",""
"declaration-of-intent-default","/v1/declaration-of-intent-default","weasyprint","auto","","21f7ce0f3e1990e89b8a97ba02f7f531","application/pdf","2","https://pdf-generator.dev.lunupay.com/v1/declaration-of-intent-default?backend=weasyprint","200","1,831914","24150","24150","818fc36825e2eba5050980ef900a6e6a0cfd0bce0297aaeefefc5b5268b55ffe","True","D:\trading\landing2\CryptoInsightX1\CryptoInsightX\pdf_backend_check_20260204_150533\declaration-of-intent-default__weasyprint__auto__run2__20260204_150606_553.bin","D:\trading\landing2\CryptoInsightX1\CryptoInsightX\pdf_backend_check_20260204_150533\declaration-of-intent-default__weasyprint__auto__run2__20260204_150606_553.headers.txt",""
"declaration-of-intent-default","/v1/declaration-of-intent-default","weasyprint","auto","","404265ea9c59672d94448d804698aa00","application/pdf","3","https://pdf-generator.dev.lunupay.com/v1/declaration-of-intent-default?backend=weasyprint","200","1,590417","24150","24150","49de7108321fa0101385bf4cb6a6b2cbf495ba6a28419b8c2ca7d89333d397c2","True","D:\trading\landing2\CryptoInsightX1\CryptoInsightX\pdf_backend_check_20260204_150533\declaration-of-intent-default__weasyprint__auto__run3__20260204_150608_684.bin","D:\trading\landing2\CryptoInsightX1\CryptoInsightX\pdf_backend_check_20260204_150533\declaration-of-intent-default__weasyprint__auto__run3__20260204_150608_684.headers.txt",""
"declaration-of-intent-default","/v1/declaration-of-intent-default","weasyprint","x_request_id","25091f09-f3d5-47d2-9c5c-b00f50cc409b","25091f09-f3d5-47d2-9c5c-b00f50cc409b","application/pdf","1","https://pdf-generator.dev.lunupay.com/v1/declaration-of-intent-default?backend=weasyprint","200","1,774021","24150","24150","2b4b3df823bcec3182d3ae5b5ec7fc46b30c924bec2c8ceff2a8641aba6cdd49","True","D:\trading\landing2\CryptoInsightX1\CryptoInsightX\pdf_backend_check_20260204_150533\declaration-of-intent-default__weasyprint__x_request_id__run1__20260204_150610_557.bin","D:\trading\landing2\CryptoInsightX1\CryptoInsightX\pdf_backend_check_20260204_150533\declaration-of-intent-default__weasyprint__x_request_id__run1__20260204_150610_557.headers.txt",""
"declaration-of-intent-default","/v1/declaration-of-intent-default","weasyprint","x_request_id","ea393dba-cf72-43eb-88a5-142bd7de3804","ea393dba-cf72-43eb-88a5-142bd7de3804","application/pdf","2","https://pdf-generator.dev.lunupay.com/v1/declaration-of-intent-default?backend=weasyprint","200","1,885715","24152","24152","9b1aaffa152c7d3830c8efba3755348230b15e78340afa39ac23f49abc9712ce","True","D:\trading\landing2\CryptoInsightX1\CryptoInsightX\pdf_backend_check_20260204_150533\declaration-of-intent-default__weasyprint__x_request_id__run2__20260204_150612_593.bin","D:\trading\landing2\CryptoInsightX1\CryptoInsightX\pdf_backend_check_20260204_150533\declaration-of-intent-default__weasyprint__x_request_id__run2__20260204_150612_593.headers.txt",""
"declaration-of-intent-default","/v1/declaration-of-intent-default","weasyprint","x_request_id","6724e1d6-4bd4-4867-a60c-29dc17074e60","6724e1d6-4bd4-4867-a60c-29dc17074e60","application/pdf","3","https://pdf-generator.dev.lunupay.com/v1/declaration-of-intent-default?backend=weasyprint","200","1,795831","24150","24150","0b1163483c665b092f456d7b67961b9c00582f401f72d32f1609f4da08893da4","True","D:\trading\landing2\CryptoInsightX1\CryptoInsightX\pdf_backend_check_20260204_150533\declaration-of-intent-default__weasyprint__x_request_id__run3__20260204_150614_752.bin","D:\trading\landing2\CryptoInsightX1\CryptoInsightX\pdf_backend_check_20260204_150533\declaration-of-intent-default__weasyprint__x_request_id__run3__20260204_150614_752.headers.txt",""
"declaration-of-intent","/v1/declaration-of-intent","default","auto","","c7c4e36b82c46305e54c01173d0cfb99","application/pdf","1","https://pdf-generator.dev.lunupay.com/v1/declaration-of-intent","200","1,931202","24161","24161","c18c3a817889576b32fdcf1b97bf94c8a3420305ee09ba33dac204a6a964b3bd","True","D:\trading\landing2\CryptoInsightX1\CryptoInsightX\pdf_backend_check_20260204_150533\declaration-of-intent__default__auto__run1__20260204_150616_830.bin","D:\trading\landing2\CryptoInsightX1\CryptoInsightX\pdf_backend_check_20260204_150533\declaration-of-intent__default__auto__run1__20260204_150616_830.headers.txt",""
"declaration-of-intent","/v1/declaration-of-intent","default","auto","","647a89824da63f36c8d192a1f318f82d","application/pdf","2","https://pdf-generator.dev.lunupay.com/v1/declaration-of-intent","200","1,606147","24162","24162","d9140ff2547150b583b182c3dc8506ac661c5feebea67269748a4002bdb0e5d7","True","D:\trading\landing2\CryptoInsightX1\CryptoInsightX\pdf_backend_check_20260204_150533\declaration-of-intent__default__auto__run2__20260204_150619_015.bin","D:\trading\landing2\CryptoInsightX1\CryptoInsightX\pdf_backend_check_20260204_150533\declaration-of-intent__default__auto__run2__20260204_150619_015.headers.txt",""
"declaration-of-intent","/v1/declaration-of-intent","default","auto","","03ef02c724ebdeb7bdebf36e08c486a3","application/pdf","3","https://pdf-generator.dev.lunupay.com/v1/declaration-of-intent","200","1,66772","24162","24162","cc2e0298cbc7c4f6f68e1ac1b8cfc8d307895c4db95676e9186d31999563d119","True","D:\trading\landing2\CryptoInsightX1\CryptoInsightX\pdf_backend_check_20260204_150533\declaration-of-intent__default__auto__run3__20260204_150620_914.bin","D:\trading\landing2\CryptoInsightX1\CryptoInsightX\pdf_backend_check_20260204_150533\declaration-of-intent__default__auto__run3__20260204_150620_914.headers.txt",""
"declaration-of-intent","/v1/declaration-of-intent","default","x_request_id","2f498fd4-6854-4a44-908a-3daafe9d3026","2f498fd4-6854-4a44-908a-3daafe9d3026","application/pdf","1","https://pdf-generator.dev.lunupay.com/v1/declaration-of-intent","200","1,666223","24162","24162","4c3fadcc5489319aee51ea0c106d8effb99575266608b625cd6c4421f56f37b9","True","D:\trading\landing2\CryptoInsightX1\CryptoInsightX\pdf_backend_check_20260204_150533\declaration-of-intent__default__x_request_id__run1__20260204_150622_864.bin","D:\trading\landing2\CryptoInsightX1\CryptoInsightX\pdf_backend_check_20260204_150533\declaration-of-intent__default__x_request_id__run1__20260204_150622_864.headers.txt",""
"declaration-of-intent","/v1/declaration-of-intent","default","x_request_id","8a92706f-dc32-43b6-9fb3-229f2867d0f6","8a92706f-dc32-43b6-9fb3-229f2867d0f6","application/pdf","2","https://pdf-generator.dev.lunupay.com/v1/declaration-of-intent","200","1,834295","24162","24162","6047bd878b41168b4770cfe39372bba56eef4353a4c1f8c6c40218b2dcbc47b9","True","D:\trading\landing2\CryptoInsightX1\CryptoInsightX\pdf_backend_check_20260204_150533\declaration-of-intent__default__x_request_id__run2__20260204_150624_800.bin","D:\trading\landing2\CryptoInsightX1\CryptoInsightX\pdf_backend_check_20260204_150533\declaration-of-intent__default__x_request_id__run2__20260204_150624_800.headers.txt",""
"declaration-of-intent","/v1/declaration-of-intent","default","x_request_id","b0ec585d-6664-4c37-b353-0d882c07bcb8","b0ec585d-6664-4c37-b353-0d882c07bcb8","application/pdf","3","https://pdf-generator.dev.lunupay.com/v1/declaration-of-intent","200","1,648584","24160","24160","bb0489bea42c9f509d6646a3f889f1d33cf824e78589f6658320759a59227ef2","True","D:\trading\landing2\CryptoInsightX1\CryptoInsightX\pdf_backend_check_20260204_150533\declaration-of-intent__default__x_request_id__run3__20260204_150626_899.bin","D:\trading\landing2\CryptoInsightX1\CryptoInsightX\pdf_backend_check_20260204_150533\declaration-of-intent__default__x_request_id__run3__20260204_150626_899.headers.txt",""
"declaration-of-intent","/v1/declaration-of-intent","chrome","auto","","466f3aa17fd89fa1506410504e311a4b","application/pdf","1","https://pdf-generator.dev.lunupay.com/v1/declaration-of-intent?backend=chrome","200","3,028909","62434","62434","bc9d0f6ac5193c5f8b8c44b9cd4984a6c098a8f2cfdb347cdc2cee952ff9ad82","True","D:\trading\landing2\CryptoInsightX1\CryptoInsightX\pdf_backend_check_20260204_150533\declaration-of-intent__chrome__auto__run1__20260204_150628_801.bin","D:\trading\landing2\CryptoInsightX1\CryptoInsightX\pdf_backend_check_20260204_150533\declaration-of-intent__chrome__auto__run1__20260204_150628_801.headers.txt",""
"declaration-of-intent","/v1/declaration-of-intent","chrome","auto","","a68001d40b8491018059bf346dd24279","application/pdf","2","https://pdf-generator.dev.lunupay.com/v1/declaration-of-intent?backend=chrome","200","3,033644","62434","62434","0527858ff2f5f66b111500581f90dce23edef7d53c8d7e29a7e2775f07903f38","True","D:\trading\landing2\CryptoInsightX1\CryptoInsightX\pdf_backend_check_20260204_150533\declaration-of-intent__chrome__auto__run2__20260204_150632_087.bin","D:\trading\landing2\CryptoInsightX1\CryptoInsightX\pdf_backend_check_20260204_150533\declaration-of-intent__chrome__auto__run2__20260204_150632_087.headers.txt",""
"declaration-of-intent","/v1/declaration-of-intent","chrome","auto","","d5844ac3954bfd727b6b63facbe2fca0","application/pdf","3","https://pdf-generator.dev.lunupay.com/v1/declaration-of-intent?backend=chrome","200","2,980331","62434","62434","bb27e46fdd6de7a1ba0d3310d814c9bd6489b33a9524673e6d52ddee2925f8b5","True","D:\trading\landing2\CryptoInsightX1\CryptoInsightX\pdf_backend_check_20260204_150533\declaration-of-intent__chrome__auto__run3__20260204_150635_379.bin","D:\trading\landing2\CryptoInsightX1\CryptoInsightX\pdf_backend_check_20260204_150533\declaration-of-intent__chrome__auto__run3__20260204_150635_379.headers.txt",""
"declaration-of-intent","/v1/declaration-of-intent","chrome","x_request_id","adcd8b4b-4e41-4a4e-9911-a076382b5f54","adcd8b4b-4e41-4a4e-9911-a076382b5f54","application/pdf","1","https://pdf-generator.dev.lunupay.com/v1/declaration-of-intent?backend=chrome","200","2,973909","62434","62434","e5dbc380dcef0eafcc3019b691464a5f15a4324fed9767f25ff357b2cb79454d","True","D:\trading\landing2\CryptoInsightX1\CryptoInsightX\pdf_backend_check_20260204_150533\declaration-of-intent__chrome__x_request_id__run1__20260204_150638_615.bin","D:\trading\landing2\CryptoInsightX1\CryptoInsightX\pdf_backend_check_20260204_150533\declaration-of-intent__chrome__x_request_id__run1__20260204_150638_615.headers.txt",""
"declaration-of-intent","/v1/declaration-of-intent","chrome","x_request_id","15e7a4d0-f361-4e82-ba8d-0a552680604b","15e7a4d0-f361-4e82-ba8d-0a552680604b","application/pdf","2","https://pdf-generator.dev.lunupay.com/v1/declaration-of-intent?backend=chrome","200","3,084392","62434","62434","114b45f91529abed1af38eafacc70a621ef9994fdc6e7df36104afa3e97a1085","True","D:\trading\landing2\CryptoInsightX1\CryptoInsightX\pdf_backend_check_20260204_150533\declaration-of-intent__chrome__x_request_id__run2__20260204_150641_942.bin","D:\trading\landing2\CryptoInsightX1\CryptoInsightX\pdf_backend_check_20260204_150533\declaration-of-intent__chrome__x_request_id__run2__20260204_150641_942.headers.txt",""
"declaration-of-intent","/v1/declaration-of-intent","chrome","x_request_id","17f02985-5aa2-422e-8284-5d1c3254f25f","17f02985-5aa2-422e-8284-5d1c3254f25f","application/pdf","3","https://pdf-generator.dev.lunupay.com/v1/declaration-of-intent?backend=chrome","200","2,880608","62434","62434","386c2a3d0546e8749c522f37b15f0dd161122b15dde2c37da4548342e490dc75","True","D:\trading\landing2\CryptoInsightX1\CryptoInsightX\pdf_backend_check_20260204_150533\declaration-of-intent__chrome__x_request_id__run3__20260204_150645_382.bin","D:\trading\landing2\CryptoInsightX1\CryptoInsightX\pdf_backend_check_20260204_150533\declaration-of-intent__chrome__x_request_id__run3__20260204_150645_382.headers.txt",""
"declaration-of-intent","/v1/declaration-of-intent","weasyprint","auto","","90a43077dcac1f1a2c0d40ec4cf58e5e","application/pdf","1","https://pdf-generator.dev.lunupay.com/v1/declaration-of-intent?backend=weasyprint","200","1,694255","24160","24160","f67098ac22f3728f9662c2c0b2f4c2b7e6e4f43d3d1cea192aeaf1c7f5875672","True","D:\trading\landing2\CryptoInsightX1\CryptoInsightX\pdf_backend_check_20260204_150533\declaration-of-intent__weasyprint__auto__run1__20260204_150648_531.bin","D:\trading\landing2\CryptoInsightX1\CryptoInsightX\pdf_backend_check_20260204_150533\declaration-of-intent__weasyprint__auto__run1__20260204_150648_531.headers.txt",""
"declaration-of-intent","/v1/declaration-of-intent","weasyprint","auto","","90f9c26066fe75a5f9b98c6cd7c46709","application/pdf","2","https://pdf-generator.dev.lunupay.com/v1/declaration-of-intent?backend=weasyprint","200","1,716922","24159","24159","89cfdce595521173e743abd5ddff242ebe0e7cefcfdbba0a7e190bf0119d79c9","True","D:\trading\landing2\CryptoInsightX1\CryptoInsightX\pdf_backend_check_20260204_150533\declaration-of-intent__weasyprint__auto__run2__20260204_150650_513.bin","D:\trading\landing2\CryptoInsightX1\CryptoInsightX\pdf_backend_check_20260204_150533\declaration-of-intent__weasyprint__auto__run2__20260204_150650_513.headers.txt",""
"declaration-of-intent","/v1/declaration-of-intent","weasyprint","auto","","d4219716095c540e715d9e24181be059","application/pdf","3","https://pdf-generator.dev.lunupay.com/v1/declaration-of-intent?backend=weasyprint","200","1,634421","24160","24160","a635361904ed2dcf9c96dbc9f2a57b2c23abb69240643ee83fb40d207a44e7dd","True","D:\trading\landing2\CryptoInsightX1\CryptoInsightX\pdf_backend_check_20260204_150533\declaration-of-intent__weasyprint__auto__run3__20260204_150652_505.bin","D:\trading\landing2\CryptoInsightX1\CryptoInsightX\pdf_backend_check_20260204_150533\declaration-of-intent__weasyprint__auto__run3__20260204_150652_505.headers.txt",""
"declaration-of-intent","/v1/declaration-of-intent","weasyprint","x_request_id","0de32860-778d-4c90-93e5-c96a9dc5343f","0de32860-778d-4c90-93e5-c96a9dc5343f","application/pdf","1","https://pdf-generator.dev.lunupay.com/v1/declaration-of-intent?backend=weasyprint","200","1,638458","24162","24162","0fe4800938b45233bd6136746e62e170bb90d9f6bcbdecdd5f025fa6b986882e","True","D:\trading\landing2\CryptoInsightX1\CryptoInsightX\pdf_backend_check_20260204_150533\declaration-of-intent__weasyprint__x_request_id__run1__20260204_150654_412.bin","D:\trading\landing2\CryptoInsightX1\CryptoInsightX\pdf_backend_check_20260204_150533\declaration-of-intent__weasyprint__x_request_id__run1__20260204_150654_412.headers.txt",""
"declaration-of-intent","/v1/declaration-of-intent","weasyprint","x_request_id","09c8efbe-6e2c-4cf1-a90a-a16ee9f5c070","09c8efbe-6e2c-4cf1-a90a-a16ee9f5c070","application/pdf","2","https://pdf-generator.dev.lunupay.com/v1/declaration-of-intent?backend=weasyprint","200","1,609191","24158","24158","7d5e3b4b6251dcb096bf84b684fc9e0e5f23857c12785b3935332d6abf16c5a3","True","D:\trading\landing2\CryptoInsightX1\CryptoInsightX\pdf_backend_check_20260204_150533\declaration-of-intent__weasyprint__x_request_id__run2__20260204_150656_369.bin","D:\trading\landing2\CryptoInsightX1\CryptoInsightX\pdf_backend_check_20260204_150533\declaration-of-intent__weasyprint__x_request_id__run2__20260204_150656_369.headers.txt",""
"declaration-of-intent","/v1/declaration-of-intent","weasyprint","x_request_id","827b83be-4b04-4ae3-a9da-ae71c5f9b21d","827b83be-4b04-4ae3-a9da-ae71c5f9b21d","application/pdf","3","https://pdf-generator.dev.lunupay.com/v1/declaration-of-intent?backend=weasyprint","200","1,689382","24162","24162","7665aa68fe4d0d818e348fc3bfd2f3a173a679c9eb89d7dd6370bf29540182ea","True","D:\trading\landing2\CryptoInsightX1\CryptoInsightX\pdf_backend_check_20260204_150533\declaration-of-intent__weasyprint__x_request_id__run3__20260204_150658_254.bin","D:\trading\landing2\CryptoInsightX1\CryptoInsightX\pdf_backend_check_20260204_150533\declaration-of-intent__weasyprint__x_request_id__run3__20260204_150658_254.headers.txt",""
"declaration-of-intent-australia","/v1/declaration-of-intent-australia","default","auto","","bb950ef68086a26cc823d4284121a79a","application/pdf","1","https://pdf-generator.dev.lunupay.com/v1/declaration-of-intent-australia","200","1,937627","28195","28195","e1e72b2c0ca5201fd41f0e2983b29b9cfb8a12e73e7fb82147b3826d9ff85790","True","D:\trading\landing2\CryptoInsightX1\CryptoInsightX\pdf_backend_check_20260204_150533\declaration-of-intent-australia__default__auto__run1__20260204_150700_218.bin","D:\trading\landing2\CryptoInsightX1\CryptoInsightX\pdf_backend_check_20260204_150533\declaration-of-intent-australia__default__auto__run1__20260204_150700_218.headers.txt",""
"declaration-of-intent-australia","/v1/declaration-of-intent-australia","default","auto","","8f9e9bb021d9efc156fa16731f75189e","application/pdf","2","https://pdf-generator.dev.lunupay.com/v1/declaration-of-intent-australia","200","1,892662","28197","28197","34d220bebf1f11ba8df21a7bfd807fc167f91c8514670e446caa929974ceb789","True","D:\trading\landing2\CryptoInsightX1\CryptoInsightX\pdf_backend_check_20260204_150533\declaration-of-intent-australia__default__auto__run2__20260204_150702_428.bin","D:\trading\landing2\CryptoInsightX1\CryptoInsightX\pdf_backend_check_20260204_150533\declaration-of-intent-australia__default__auto__run2__20260204_150702_428.headers.txt",""
"declaration-of-intent-australia","/v1/declaration-of-intent-australia","default","auto","","b9d4c6c4c0c90ba1d6bfa704fd7f6d78","application/pdf","3","https://pdf-generator.dev.lunupay.com/v1/declaration-of-intent-australia","200","1,897259","28196","28196","df81d7056f28a8ba3fc5d1ae49571c745e3d09bb8bd967ea0e509985c4c72db2","True","D:\trading\landing2\CryptoInsightX1\CryptoInsightX\pdf_backend_check_20260204_150533\declaration-of-intent-australia__default__auto__run3__20260204_150704_600.bin","D:\trading\landing2\CryptoInsightX1\CryptoInsightX\pdf_backend_check_20260204_150533\declaration-of-intent-australia__default__auto__run3__20260204_150704_600.headers.txt",""
"declaration-of-intent-australia","/v1/declaration-of-intent-australia","default","x_request_id","d8a869d1-2431-4892-90d6-251227f1f7b6","d8a869d1-2431-4892-90d6-251227f1f7b6","application/pdf","1","https://pdf-generator.dev.lunupay.com/v1/declaration-of-intent-australia","200","1,798662","28196","28196","2b87c5cd5cda59c23f0486549b4cdce9e98f0b66b7490e4d420fc74b7a8023fd","True","D:\trading\landing2\CryptoInsightX1\CryptoInsightX\pdf_backend_check_20260204_150533\declaration-of-intent-australia__default__x_request_id__run1__20260204_150706_800.bin","D:\trading\landing2\CryptoInsightX1\CryptoInsightX\pdf_backend_check_20260204_150533\declaration-of-intent-australia__default__x_request_id__run1__20260204_150706_800.headers.txt",""
"declaration-of-intent-australia","/v1/declaration-of-intent-australia","default","x_request_id","99e8631d-5ac6-4591-a3af-8adc36513aa7","99e8631d-5ac6-4591-a3af-8adc36513aa7","application/pdf","2","https://pdf-generator.dev.lunupay.com/v1/declaration-of-intent-australia","200","1,70197","28196","28196","d1bca9919431ebb4aaaeb1b4b111159608b519becd895e8a5ec596d425ab66c1","True","D:\trading\landing2\CryptoInsightX1\CryptoInsightX\pdf_backend_check_20260204_150533\declaration-of-intent-australia__default__x_request_id__run2__20260204_150708_952.bin","D:\trading\landing2\CryptoInsightX1\CryptoInsightX\pdf_backend_check_20260204_150533\declaration-of-intent-australia__default__x_request_id__run2__20260204_150708_952.headers.txt",""
"declaration-of-intent-australia","/v1/declaration-of-intent-australia","default","x_request_id","150d34d9-0e91-4cae-ade5-6ddd5850a400","150d34d9-0e91-4cae-ade5-6ddd5850a400","application/pdf","3","https://pdf-generator.dev.lunupay.com/v1/declaration-of-intent-australia","200","1,727584","28197","28197","895cc2c453622caa2e65effb3ff20089bf14ab477fddcba5a1c9733acb27daa5","True","D:\trading\landing2\CryptoInsightX1\CryptoInsightX\pdf_backend_check_20260204_150533\declaration-of-intent-australia__default__x_request_id__run3__20260204_150710_909.bin","D:\trading\landing2\CryptoInsightX1\CryptoInsightX\pdf_backend_check_20260204_150533\declaration-of-intent-australia__default__x_request_id__run3__20260204_150710_909.headers.txt",""
"declaration-of-intent-australia","/v1/declaration-of-intent-australia","chrome","auto","","802808980e4ab4a732be0e3579af03e3","application/pdf","1","https://pdf-generator.dev.lunupay.com/v1/declaration-of-intent-australia?backend=chrome","200","3,178506","105318","105318","1e59356a109739602daf5315eba491dd3a5382cc73c34ecc09f3ea5ed0696c80","True","D:\trading\landing2\CryptoInsightX1\CryptoInsightX\pdf_backend_check_20260204_150533\declaration-of-intent-australia__chrome__auto__run1__20260204_150712_936.bin","D:\trading\landing2\CryptoInsightX1\CryptoInsightX\pdf_backend_check_20260204_150533\declaration-of-intent-australia__chrome__auto__run1__20260204_150712_936.headers.txt",""
"declaration-of-intent-australia","/v1/declaration-of-intent-australia","chrome","auto","","de1036ec1ba470236c7be1ba6b40711e","application/pdf","2","https://pdf-generator.dev.lunupay.com/v1/declaration-of-intent-australia?backend=chrome","200","3,230536","105318","105318","90e1cd635d55c85a416b6b9e214b460ea6c39b6a319b7ae22910a38a27b8eb55","True","D:\trading\landing2\CryptoInsightX1\CryptoInsightX\pdf_backend_check_20260204_150533\declaration-of-intent-australia__chrome__auto__run2__20260204_150716_437.bin","D:\trading\landing2\CryptoInsightX1\CryptoInsightX\pdf_backend_check_20260204_150533\declaration-of-intent-australia__chrome__auto__run2__20260204_150716_437.headers.txt",""
"declaration-of-intent-australia","/v1/declaration-of-intent-australia","chrome","auto","","22bf8b55218ba16c41307097a42d05db","application/pdf","3","https://pdf-generator.dev.lunupay.com/v1/declaration-of-intent-australia?backend=chrome","200","3,04509","105318","105318","7e0bda98c799aff565c3763978892a65043e4a3de33d9228ea9d241f4bf67624","True","D:\trading\landing2\CryptoInsightX1\CryptoInsightX\pdf_backend_check_20260204_150533\declaration-of-intent-australia__chrome__auto__run3__20260204_150719_998.bin","D:\trading\landing2\CryptoInsightX1\CryptoInsightX\pdf_backend_check_20260204_150533\declaration-of-intent-australia__chrome__auto__run3__20260204_150719_998.headers.txt",""
"declaration-of-intent-australia","/v1/declaration-of-intent-australia","chrome","x_request_id","9cc0553b-0e41-474f-91a3-ef1e0af4b027","9cc0553b-0e41-474f-91a3-ef1e0af4b027","application/pdf","1","https://pdf-generator.dev.lunupay.com/v1/declaration-of-intent-australia?backend=chrome","200","3,154232","105318","105318","3ffcd5504f005f54aa063227c53bd7f2873ddf4eb3ac9972fb839750351343ab","True","D:\trading\landing2\CryptoInsightX1\CryptoInsightX\pdf_backend_check_20260204_150533\declaration-of-intent-australia__chrome__x_request_id__run1__20260204_150723_334.bin","D:\trading\landing2\CryptoInsightX1\CryptoInsightX\pdf_backend_check_20260204_150533\declaration-of-intent-australia__chrome__x_request_id__run1__20260204_150723_334.headers.txt",""
"declaration-of-intent-australia","/v1/declaration-of-intent-australia","chrome","x_request_id","62c8e657-c307-4611-9d9f-d3095d8f7d65","62c8e657-c307-4611-9d9f-d3095d8f7d65","application/pdf","2","https://pdf-generator.dev.lunupay.com/v1/declaration-of-intent-australia?backend=chrome","200","3,049809","105318","105318","3d96036dc25c14aa7f44d91bae6e5a2d85100c95cf0dd9e866d178e5beed9585","True","D:\trading\landing2\CryptoInsightX1\CryptoInsightX\pdf_backend_check_20260204_150533\declaration-of-intent-australia__chrome__x_request_id__run2__20260204_150726_830.bin","D:\trading\landing2\CryptoInsightX1\CryptoInsightX\pdf_backend_check_20260204_150533\declaration-of-intent-australia__chrome__x_request_id__run2__20260204_150726_830.headers.txt",""
"declaration-of-intent-australia","/v1/declaration-of-intent-australia","chrome","x_request_id","519252fa-ba35-4c84-80d5-f711b9f9e9d6","519252fa-ba35-4c84-80d5-f711b9f9e9d6","application/pdf","3","https://pdf-generator.dev.lunupay.com/v1/declaration-of-intent-australia?backend=chrome","200","3,049117","105318","105318","07b26f4b6465b533953013c1b1a18ff21f916b497b1bd6caac367efcba0bb6d7","True","D:\trading\landing2\CryptoInsightX1\CryptoInsightX\pdf_backend_check_20260204_150533\declaration-of-intent-australia__chrome__x_request_id__run3__20260204_150730_138.bin","D:\trading\landing2\CryptoInsightX1\CryptoInsightX\pdf_backend_check_20260204_150533\declaration-of-intent-australia__chrome__x_request_id__run3__20260204_150730_138.headers.txt",""
"declaration-of-intent-australia","/v1/declaration-of-intent-australia","weasyprint","auto","","9c000eeddde29c5f90bcbc04cf3f7549","application/pdf","1","https://pdf-generator.dev.lunupay.com/v1/declaration-of-intent-australia?backend=weasyprint","200","1,785904","28196","28196","3aebba00811abf99ab5315145b2e1ba42a85ebab0fe525f7c147bea35aaf524f","True","D:\trading\landing2\CryptoInsightX1\CryptoInsightX\pdf_backend_check_20260204_150533\declaration-of-intent-australia__weasyprint__auto__run1__20260204_150733_456.bin","D:\trading\landing2\CryptoInsightX1\CryptoInsightX\pdf_backend_check_20260204_150533\declaration-of-intent-australia__weasyprint__auto__run1__20260204_150733_456.headers.txt",""
"declaration-of-intent-australia","/v1/declaration-of-intent-australia","weasyprint","auto","","cd1e852eda0168cd8837e15b6269dd85","application/pdf","2","https://pdf-generator.dev.lunupay.com/v1/declaration-of-intent-australia?backend=weasyprint","200","1,890587","28195","28195","e6b738f3429c4b2f932d18d29fa4bc6c91935616c86a578e61903380aea9a646","True","D:\trading\landing2\CryptoInsightX1\CryptoInsightX\pdf_backend_check_20260204_150533\declaration-of-intent-australia__weasyprint__auto__run2__20260204_150735_546.bin","D:\trading\landing2\CryptoInsightX1\CryptoInsightX\pdf_backend_check_20260204_150533\declaration-of-intent-australia__weasyprint__auto__run2__20260204_150735_546.headers.txt",""
"declaration-of-intent-australia","/v1/declaration-of-intent-australia","weasyprint","auto","","f23c351b79dd18d4330fbe6fb686d3dd","application/pdf","3","https://pdf-generator.dev.lunupay.com/v1/declaration-of-intent-australia?backend=weasyprint","200","1,825801","28196","28196","c641c5fa6efda23d9d3c5927d4273465ad3cd7062b5bd2c2c582f24ce4bebdcb","True","D:\trading\landing2\CryptoInsightX1\CryptoInsightX\pdf_backend_check_20260204_150533\declaration-of-intent-australia__weasyprint__auto__run3__20260204_150737_722.bin","D:\trading\landing2\CryptoInsightX1\CryptoInsightX\pdf_backend_check_20260204_150533\declaration-of-intent-australia__weasyprint__auto__run3__20260204_150737_722.headers.txt",""
"declaration-of-intent-australia","/v1/declaration-of-intent-australia","weasyprint","x_request_id","db895738-03d5-4a23-a6ce-341d0e71c68f","db895738-03d5-4a23-a6ce-341d0e71c68f","application/pdf","1","https://pdf-generator.dev.lunupay.com/v1/declaration-of-intent-australia?backend=weasyprint","200","1,906774","28197","28197","eae838f991a6819abd2d15d0d233ecb6717ec4bac33d00df1da14d6090d94102","True","D:\trading\landing2\CryptoInsightX1\CryptoInsightX\pdf_backend_check_20260204_150533\declaration-of-intent-australia__weasyprint__x_request_id__run1__20260204_150739_835.bin","D:\trading\landing2\CryptoInsightX1\CryptoInsightX\pdf_backend_check_20260204_150533\declaration-of-intent-australia__weasyprint__x_request_id__run1__20260204_150739_835.headers.txt",""
"declaration-of-intent-australia","/v1/declaration-of-intent-australia","weasyprint","x_request_id","7eedb9e3-1068-48a1-9232-34f3e9a3d5e9","7eedb9e3-1068-48a1-9232-34f3e9a3d5e9","application/pdf","2","https://pdf-generator.dev.lunupay.com/v1/declaration-of-intent-australia?backend=weasyprint","200","1,911945","28197","28197","6ce933f28dd17351a44b74150cfaf6cfdc98b677373e45f3bde159fd8f744611","True","D:\trading\landing2\CryptoInsightX1\CryptoInsightX\pdf_backend_check_20260204_150533\declaration-of-intent-australia__weasyprint__x_request_id__run2__20260204_150742_004.bin","D:\trading\landing2\CryptoInsightX1\CryptoInsightX\pdf_backend_check_20260204_150533\declaration-of-intent-australia__weasyprint__x_request_id__run2__20260204_150742_004.headers.txt",""
"declaration-of-intent-australia","/v1/declaration-of-intent-australia","weasyprint","x_request_id","65045a66-4883-4e71-a01f-d8e02b2c0733","65045a66-4883-4e71-a01f-d8e02b2c0733","application/pdf","3","https://pdf-generator.dev.lunupay.com/v1/declaration-of-intent-australia?backend=weasyprint","200","1,921359","28197","28197","332038c16193549cb3a3bebc70d5a12a45d5dd633420bd5035271a8b8730098f","True","D:\trading\landing2\CryptoInsightX1\CryptoInsightX\pdf_backend_check_20260204_150533\declaration-of-intent-australia__weasyprint__x_request_id__run3__20260204_150744_211.bin","D:\trading\landing2\CryptoInsightX1\CryptoInsightX\pdf_backend_check_20260204_150533\declaration-of-intent-australia__weasyprint__x_request_id__run3__20260204_150744_211.headers.txt",""
"account-statement-v1","/v1/account-statement","default","auto","","a6c4b9e8b8d5b8a048648d52688decad","application/pdf","1","https://pdf-generator.dev.lunupay.com/v1/account-statement","200","1,865374","14268","14268","8537ba0b7f1ae8da5709fac333b8ca75a32a5e37ee8614b9e24065006c2c9e94","True","D:\trading\landing2\CryptoInsightX1\CryptoInsightX\pdf_backend_check_20260204_150533\account-statement-v1__default__auto__run1__20260204_150746_410.bin","D:\trading\landing2\CryptoInsightX1\CryptoInsightX\pdf_backend_check_20260204_150533\account-statement-v1__default__auto__run1__20260204_150746_410.headers.txt",""
"account-statement-v1","/v1/account-statement","default","auto","","5a86a677b5286f31cbbdda0c2f484e88","application/pdf","2","https://pdf-generator.dev.lunupay.com/v1/account-statement","200","1,502281","14266","14266","19675b5ab5019c0f80434dec36072732195a9765305739af20eb4e6cf97f4156","True","D:\trading\landing2\CryptoInsightX1\CryptoInsightX\pdf_backend_check_20260204_150533\account-statement-v1__default__auto__run2__20260204_150748_544.bin","D:\trading\landing2\CryptoInsightX1\CryptoInsightX\pdf_backend_check_20260204_150533\account-statement-v1__default__auto__run2__20260204_150748_544.headers.txt",""
"account-statement-v1","/v1/account-statement","default","auto","","e4e930a35133b73a159b7f6c69293085","application/pdf","3","https://pdf-generator.dev.lunupay.com/v1/account-statement","200","1,533957","14267","14267","c1812fdbc3fadd56aaf0c707a0452418ca920eead59a2df8b97f0283bfe9b1a2","True","D:\trading\landing2\CryptoInsightX1\CryptoInsightX\pdf_backend_check_20260204_150533\account-statement-v1__default__auto__run3__20260204_150750_309.bin","D:\trading\landing2\CryptoInsightX1\CryptoInsightX\pdf_backend_check_20260204_150533\account-statement-v1__default__auto__run3__20260204_150750_309.headers.txt",""
"account-statement-v1","/v1/account-statement","default","x_request_id","b4ad5a79-6992-45e3-9ace-c29fb635c421","b4ad5a79-6992-45e3-9ace-c29fb635c421","application/pdf","1","https://pdf-generator.dev.lunupay.com/v1/account-statement","200","1,535026","14267","14267","690b64d30705ffdf3b857ee5d6a5b2ecbfcf2c5409c349ae4caba5ccae7fc85e","True","D:\trading\landing2\CryptoInsightX1\CryptoInsightX\pdf_backend_check_20260204_150533\account-statement-v1__default__x_request_id__run1__20260204_150752_096.bin","D:\trading\landing2\CryptoInsightX1\CryptoInsightX\pdf_backend_check_20260204_150533\account-statement-v1__default__x_request_id__run1__20260204_150752_096.headers.txt",""
"account-statement-v1","/v1/account-statement","default","x_request_id","248f02ea-ced5-41ea-b0e5-568b220c0c55","248f02ea-ced5-41ea-b0e5-568b220c0c55","application/pdf","2","https://pdf-generator.dev.lunupay.com/v1/account-statement","200","1,592865","14268","14268","1d5ebfdf175c49911df7c4fadfc0a7262e9ebbc100797d00a1338089bb53ae6a","True","D:\trading\landing2\CryptoInsightX1\CryptoInsightX\pdf_backend_check_20260204_150533\account-statement-v1__default__x_request_id__run2__20260204_150753_880.bin","D:\trading\landing2\CryptoInsightX1\CryptoInsightX\pdf_backend_check_20260204_150533\account-statement-v1__default__x_request_id__run2__20260204_150753_880.headers.txt",""
"account-statement-v1","/v1/account-statement","default","x_request_id","f8cc1ce1-c114-4a12-b1c0-64103c5d7750","f8cc1ce1-c114-4a12-b1c0-64103c5d7750","application/pdf","3","https://pdf-generator.dev.lunupay.com/v1/account-statement","200","1,553237","14267","14267","2e1e7a45d66efef9f8434c6bf53c298a35a20311abf2ee8bd3de436e9b7daab9","True","D:\trading\landing2\CryptoInsightX1\CryptoInsightX\pdf_backend_check_20260204_150533\account-statement-v1__default__x_request_id__run3__20260204_150755_759.bin","D:\trading\landing2\CryptoInsightX1\CryptoInsightX\pdf_backend_check_20260204_150533\account-statement-v1__default__x_request_id__run3__20260204_150755_759.headers.txt",""
"account-statement-v1","/v1/account-statement","chrome","auto","","a1e7328dfc747ddf42ae14d81b4b7ef9","application/pdf","1","https://pdf-generator.dev.lunupay.com/v1/account-statement?backend=chrome","200","2,716547","26283","26283","521d2d12f7ef3a62bab4a7d0d93965fd5d35b87c3bb424dc0086274947938f67","True","D:\trading\landing2\CryptoInsightX1\CryptoInsightX\pdf_backend_check_20260204_150533\account-statement-v1__chrome__auto__run1__20260204_150757_563.bin","D:\trading\landing2\CryptoInsightX1\CryptoInsightX\pdf_backend_check_20260204_150533\account-statement-v1__chrome__auto__run1__20260204_150757_563.headers.txt",""
"account-statement-v1","/v1/account-statement","chrome","auto","","34802fdabdea63f69166ea417b6d28b5","application/pdf","2","https://pdf-generator.dev.lunupay.com/v1/account-statement?backend=chrome","200","2,356322","26283","26283","4e0555802474f51c88328814714f3dbc88e028bcc164a639783272cf450517e1","True","D:\trading\landing2\CryptoInsightX1\CryptoInsightX\pdf_backend_check_20260204_150533\account-statement-v1__chrome__auto__run2__20260204_150800_558.bin","D:\trading\landing2\CryptoInsightX1\CryptoInsightX\pdf_backend_check_20260204_150533\account-statement-v1__chrome__auto__run2__20260204_150800_558.headers.txt",""
"account-statement-v1","/v1/account-statement","chrome","auto","","2e878a92d9d0667e4b2245dd2bae479f","application/pdf","3","https://pdf-generator.dev.lunupay.com/v1/account-statement?backend=chrome","200","2,218095","26283","26283","76710f91870ce97cc107af51ef9c7ce746da88fa7f14e3b7f97d429ccebd1d20","True","D:\trading\landing2\CryptoInsightX1\CryptoInsightX\pdf_backend_check_20260204_150533\account-statement-v1__chrome__auto__run3__20260204_150803_196.bin","D:\trading\landing2\CryptoInsightX1\CryptoInsightX\pdf_backend_check_20260204_150533\account-statement-v1__chrome__auto__run3__20260204_150803_196.headers.txt",""
"account-statement-v1","/v1/account-statement","chrome","x_request_id","e4f7a91d-6ac0-4d5a-b682-561ba2124104","e4f7a91d-6ac0-4d5a-b682-561ba2124104","application/pdf","1","https://pdf-generator.dev.lunupay.com/v1/account-statement?backend=chrome","200","2,311942","26283","26283","75ebe8578d67d49dc73cd43b30e1c64d37cce4e4f7be2b25cc8d66815a57af82","True","D:\trading\landing2\CryptoInsightX1\CryptoInsightX\pdf_backend_check_20260204_150533\account-statement-v1__chrome__x_request_id__run1__20260204_150805_673.bin","D:\trading\landing2\CryptoInsightX1\CryptoInsightX\pdf_backend_check_20260204_150533\account-statement-v1__chrome__x_request_id__run1__20260204_150805_673.headers.txt",""
"account-statement-v1","/v1/account-statement","chrome","x_request_id","5ecb8be4-d2ce-44e1-9f0e-e18484f9627d","5ecb8be4-d2ce-44e1-9f0e-e18484f9627d","application/pdf","2","https://pdf-generator.dev.lunupay.com/v1/account-statement?backend=chrome","200","2,941793","26283","26283","c245e8bebbffba983f5a3c029d450c29463d9f003c84c6672d2d3a0534fc8518","True","D:\trading\landing2\CryptoInsightX1\CryptoInsightX\pdf_backend_check_20260204_150533\account-statement-v1__chrome__x_request_id__run2__20260204_150808_276.bin","D:\trading\landing2\CryptoInsightX1\CryptoInsightX\pdf_backend_check_20260204_150533\account-statement-v1__chrome__x_request_id__run2__20260204_150808_276.headers.txt",""
"account-statement-v1","/v1/account-statement","chrome","x_request_id","58cac103-cc50-4f83-9ff7-98b95694b170","58cac103-cc50-4f83-9ff7-98b95694b170","application/pdf","3","https://pdf-generator.dev.lunupay.com/v1/account-statement?backend=chrome","200","2,492883","26283","26283","d3ab99e7e15f1f429a4274b612199f07e43c22ea8acfc93f613c74a3a88ed6c2","True","D:\trading\landing2\CryptoInsightX1\CryptoInsightX\pdf_backend_check_20260204_150533\account-statement-v1__chrome__x_request_id__run3__20260204_150811_498.bin","D:\trading\landing2\CryptoInsightX1\CryptoInsightX\pdf_backend_check_20260204_150533\account-statement-v1__chrome__x_request_id__run3__20260204_150811_498.headers.txt",""
"account-statement-v1","/v1/account-statement","weasyprint","auto","","0884c8d93d1c8a5896de02c05750fcbd","application/pdf","1","https://pdf-generator.dev.lunupay.com/v1/account-statement?backend=weasyprint","200","1,609412","14267","14267","88edb7f945d8e547c3bc5169933b00db646996fcea3abce259358d5dc9ab4d93","True","D:\trading\landing2\CryptoInsightX1\CryptoInsightX\pdf_backend_check_20260204_150533\account-statement-v1__weasyprint__auto__run1__20260204_150814_263.bin","D:\trading\landing2\CryptoInsightX1\CryptoInsightX\pdf_backend_check_20260204_150533\account-statement-v1__weasyprint__auto__run1__20260204_150814_263.headers.txt",""
"account-statement-v1","/v1/account-statement","weasyprint","auto","","7201369f2d3c37ea46644b2054c30c36","application/pdf","2","https://pdf-generator.dev.lunupay.com/v1/account-statement?backend=weasyprint","200","1,631153","14267","14267","bd24b67d0c8e7e51814d2512cf84a454fe0357451dfdf468e81e4cdae1396f30","True","D:\trading\landing2\CryptoInsightX1\CryptoInsightX\pdf_backend_check_20260204_150533\account-statement-v1__weasyprint__auto__run2__20260204_150816_117.bin","D:\trading\landing2\CryptoInsightX1\CryptoInsightX\pdf_backend_check_20260204_150533\account-statement-v1__weasyprint__auto__run2__20260204_150816_117.headers.txt",""
"account-statement-v1","/v1/account-statement","weasyprint","auto","","2dd4a9d2ba6f675399c89529a9a62a18","application/pdf","3","https://pdf-generator.dev.lunupay.com/v1/account-statement?backend=weasyprint","200","1,617848","14267","14267","e513d6a4c17c0f00ad62b488e0c0da6be42eb113c33fb9d79c710cc9dc9c5814","True","D:\trading\landing2\CryptoInsightX1\CryptoInsightX\pdf_backend_check_20260204_150533\account-statement-v1__weasyprint__auto__run3__20260204_150817_989.bin","D:\trading\landing2\CryptoInsightX1\CryptoInsightX\pdf_backend_check_20260204_150533\account-statement-v1__weasyprint__auto__run3__20260204_150817_989.headers.txt",""
"account-statement-v1","/v1/account-statement","weasyprint","x_request_id","6f95da1e-1b73-4c9a-8c7c-f082dc3ffb16","6f95da1e-1b73-4c9a-8c7c-f082dc3ffb16","application/pdf","1","https://pdf-generator.dev.lunupay.com/v1/account-statement?backend=weasyprint","200","1,564821","14267","14267","c8bae1296664f623497d93f0f70a7ce41af858835035809278bb8f9c45146a7d","True","D:\trading\landing2\CryptoInsightX1\CryptoInsightX\pdf_backend_check_20260204_150533\account-statement-v1__weasyprint__x_request_id__run1__20260204_150819_862.bin","D:\trading\landing2\CryptoInsightX1\CryptoInsightX\pdf_backend_check_20260204_150533\account-statement-v1__weasyprint__x_request_id__run1__20260204_150819_862.headers.txt",""
"account-statement-v1","/v1/account-statement","weasyprint","x_request_id","8dd0400c-893d-43b5-a9e9-994aa006f2e1","8dd0400c-893d-43b5-a9e9-994aa006f2e1","application/pdf","2","https://pdf-generator.dev.lunupay.com/v1/account-statement?backend=weasyprint","200","1,550937","14268","14268","304f78a836aec8da11dba67d3406f3719970da22bbdc6e134d26a0baa34ed0b7","True","D:\trading\landing2\CryptoInsightX1\CryptoInsightX\pdf_backend_check_20260204_150533\account-statement-v1__weasyprint__x_request_id__run2__20260204_150821_696.bin","D:\trading\landing2\CryptoInsightX1\CryptoInsightX\pdf_backend_check_20260204_150533\account-statement-v1__weasyprint__x_request_id__run2__20260204_150821_696.headers.txt",""
"account-statement-v1","/v1/account-statement","weasyprint","x_request_id","279e3671-bf09-44db-876d-c7d5847a6602","279e3671-bf09-44db-876d-c7d5847a6602","application/pdf","3","https://pdf-generator.dev.lunupay.com/v1/account-statement?backend=weasyprint","200","1,6683","14266","14266","9ab07ae50c891c00c727ee85390ba313f3f9e3ed4376201eaed00cce3b1a6495","True","D:\trading\landing2\CryptoInsightX1\CryptoInsightX\pdf_backend_check_20260204_150533\account-statement-v1__weasyprint__x_request_id__run3__20260204_150823_517.bin","D:\trading\landing2\CryptoInsightX1\CryptoInsightX\pdf_backend_check_20260204_150533\account-statement-v1__weasyprint__x_request_id__run3__20260204_150823_517.headers.txt",""
"account-statement-v2","/v2/account-statement","default","auto","","b6d54e7136cdeb9188587602a10a9bd8","application/pdf","1","https://pdf-generator.dev.lunupay.com/v2/account-statement","200","1,917193","15708","15708","80f153f8d4376cb80e934248c3dcdf041829a2eab623b0f63d42756c1d1a17f0","True","D:\trading\landing2\CryptoInsightX1\CryptoInsightX\pdf_backend_check_20260204_150533\account-statement-v2__default__auto__run1__20260204_150825_460.bin","D:\trading\landing2\CryptoInsightX1\CryptoInsightX\pdf_backend_check_20260204_150533\account-statement-v2__default__auto__run1__20260204_150825_460.headers.txt",""
"account-statement-v2","/v2/account-statement","default","auto","","a8397a48e4a754ef1457db242f3b28ea","application/pdf","2","https://pdf-generator.dev.lunupay.com/v2/account-statement","200","1,82066","15708","15708","0adc0c6cf78853f7edcd6c42ce1090501b4617465ed6c8048b01831f062d74ca","True","D:\trading\landing2\CryptoInsightX1\CryptoInsightX\pdf_backend_check_20260204_150533\account-statement-v2__default__auto__run2__20260204_150827_646.bin","D:\trading\landing2\CryptoInsightX1\CryptoInsightX\pdf_backend_check_20260204_150533\account-statement-v2__default__auto__run2__20260204_150827_646.headers.txt",""
"account-statement-v2","/v2/account-statement","default","auto","","30b806fa44630a77229b16e532a04a11","application/pdf","3","https://pdf-generator.dev.lunupay.com/v2/account-statement","200","1,922035","15708","15708","8ba0bf03d7956cb5f8089c1150db9edcd4971c46fe4fe60bbcade37b00bf572d","True","D:\trading\landing2\CryptoInsightX1\CryptoInsightX\pdf_backend_check_20260204_150533\account-statement-v2__default__auto__run3__20260204_150829_831.bin","D:\trading\landing2\CryptoInsightX1\CryptoInsightX\pdf_backend_check_20260204_150533\account-statement-v2__default__auto__run3__20260204_150829_831.headers.txt",""
"account-statement-v2","/v2/account-statement","default","x_request_id","a17a5e8f-be8e-4965-bcdf-3d4730d71026","a17a5e8f-be8e-4965-bcdf-3d4730d71026","application/pdf","1","https://pdf-generator.dev.lunupay.com/v2/account-statement","200","1,691362","15706","15706","ac0f2fc2499e7a41ea518597eae79588c07427d71730fa3319e956a2ebb387f8","True","D:\trading\landing2\CryptoInsightX1\CryptoInsightX\pdf_backend_check_20260204_150533\account-statement-v2__default__x_request_id__run1__20260204_150832_136.bin","D:\trading\landing2\CryptoInsightX1\CryptoInsightX\pdf_backend_check_20260204_150533\account-statement-v2__default__x_request_id__run1__20260204_150832_136.headers.txt",""
"account-statement-v2","/v2/account-statement","default","x_request_id","c970717c-dcce-42f9-966a-ce6af7af646f","c970717c-dcce-42f9-966a-ce6af7af646f","application/pdf","2","https://pdf-generator.dev.lunupay.com/v2/account-statement","200","1,876828","15705","15705","96efaa7614f31cdd14f26b3f585115ad75858a82061ff0edad3189b5b83a4d4a","True","D:\trading\landing2\CryptoInsightX1\CryptoInsightX\pdf_backend_check_20260204_150533\account-statement-v2__default__x_request_id__run2__20260204_150834_125.bin","D:\trading\landing2\CryptoInsightX1\CryptoInsightX\pdf_backend_check_20260204_150533\account-statement-v2__default__x_request_id__run2__20260204_150834_125.headers.txt",""
"account-statement-v2","/v2/account-statement","default","x_request_id","310102a5-4d69-4a39-ad1e-3f3a228d7d86","310102a5-4d69-4a39-ad1e-3f3a228d7d86","application/pdf","3","https://pdf-generator.dev.lunupay.com/v2/account-statement","200","1,796434","15709","15709","bdc7304b3565dc14d2947b5c75ebafad8b6a6e8034cc5f195f5217ddb72063c4","True","D:\trading\landing2\CryptoInsightX1\CryptoInsightX\pdf_backend_check_20260204_150533\account-statement-v2__default__x_request_id__run3__20260204_150836_262.bin","D:\trading\landing2\CryptoInsightX1\CryptoInsightX\pdf_backend_check_20260204_150533\account-statement-v2__default__x_request_id__run3__20260204_150836_262.headers.txt",""
"account-statement-v2","/v2/account-statement","chrome","auto","","3aad0833baa356f4115c5017e3fc11a2","application/pdf","1","https://pdf-generator.dev.lunupay.com/v2/account-statement?backend=chrome","200","2,915786","27692","27692","01c4bb8584e81fc0599d46042dc394665ce106e24226ca7909a759a05b881010","True","D:\trading\landing2\CryptoInsightX1\CryptoInsightX\pdf_backend_check_20260204_150533\account-statement-v2__chrome__auto__run1__20260204_150838_328.bin","D:\trading\landing2\CryptoInsightX1\CryptoInsightX\pdf_backend_check_20260204_150533\account-statement-v2__chrome__auto__run1__20260204_150838_328.headers.txt",""
"account-statement-v2","/v2/account-statement","chrome","auto","","c3566fa2f01afb32d97fe6c120a0090f","application/pdf","2","https://pdf-generator.dev.lunupay.com/v2/account-statement?backend=chrome","200","2,877576","27692","27692","71ec3120a54c719f5093f540a360d507c29b3869a12b601e1c63a5c84c9b48d3","True","D:\trading\landing2\CryptoInsightX1\CryptoInsightX\pdf_backend_check_20260204_150533\account-statement-v2__chrome__auto__run2__20260204_150841_501.bin","D:\trading\landing2\CryptoInsightX1\CryptoInsightX\pdf_backend_check_20260204_150533\account-statement-v2__chrome__auto__run2__20260204_150841_501.headers.txt",""
"account-statement-v2","/v2/account-statement","chrome","auto","","b2f2945a4d9d6fa2a7a7bb800fb8ce01","application/pdf","3","https://pdf-generator.dev.lunupay.com/v2/account-statement?backend=chrome","200","2,785307","27692","27692","0ad21947bd9e46613e4349fefbba4135726609e6e89c1ee5f8747019da817dc4","True","D:\trading\landing2\CryptoInsightX1\CryptoInsightX\pdf_backend_check_20260204_150533\account-statement-v2__chrome__auto__run3__20260204_150844_652.bin","D:\trading\landing2\CryptoInsightX1\CryptoInsightX\pdf_backend_check_20260204_150533\account-statement-v2__chrome__auto__run3__20260204_150844_652.headers.txt",""
"account-statement-v2","/v2/account-statement","chrome","x_request_id","04f7b1ab-a23f-49e0-a0cd-2cbc5a0559e5","04f7b1ab-a23f-49e0-a0cd-2cbc5a0559e5","application/pdf","1","https://pdf-generator.dev.lunupay.com/v2/account-statement?backend=chrome","200","2,448142","27692","27692","0c115c442f63dd9f241d733721ee6fd25e390f182cc764dbfd4ad641fed58870","True","D:\trading\landing2\CryptoInsightX1\CryptoInsightX\pdf_backend_check_20260204_150533\account-statement-v2__chrome__x_request_id__run1__20260204_150847_695.bin","D:\trading\landing2\CryptoInsightX1\CryptoInsightX\pdf_backend_check_20260204_150533\account-statement-v2__chrome__x_request_id__run1__20260204_150847_695.headers.txt",""
"account-statement-v2","/v2/account-statement","chrome","x_request_id","cc61d192-6c23-4f57-9a41-262f8887b130","cc61d192-6c23-4f57-9a41-262f8887b130","application/pdf","2","https://pdf-generator.dev.lunupay.com/v2/account-statement?backend=chrome","200","2,223248","27692","27692","3320f436bd886c153ea718c80689bf5009284ed77194f441eef02b7c2723db4b","True","D:\trading\landing2\CryptoInsightX1\CryptoInsightX\pdf_backend_check_20260204_150533\account-statement-v2__chrome__x_request_id__run2__20260204_150850_396.bin","D:\trading\landing2\CryptoInsightX1\CryptoInsightX\pdf_backend_check_20260204_150533\account-statement-v2__chrome__x_request_id__run2__20260204_150850_396.headers.txt",""
"account-statement-v2","/v2/account-statement","chrome","x_request_id","902703d2-cd4a-4873-b2d0-1647165d8cc0","902703d2-cd4a-4873-b2d0-1647165d8cc0","application/pdf","3","https://pdf-generator.dev.lunupay.com/v2/account-statement?backend=chrome","200","2,879603","27692","27692","e8abd122df6bfd626eb5864e68e7800a9535e29e10332ec1c28f13a00649768c","True","D:\trading\landing2\CryptoInsightX1\CryptoInsightX\pdf_backend_check_20260204_150533\account-statement-v2__chrome__x_request_id__run3__20260204_150852_863.bin","D:\trading\landing2\CryptoInsightX1\CryptoInsightX\pdf_backend_check_20260204_150533\account-statement-v2__chrome__x_request_id__run3__20260204_150852_863.headers.txt",""
"account-statement-v2","/v2/account-statement","weasyprint","auto","","935936d1aaa4f25c1f32286f5eef7c33","application/pdf","1","https://pdf-generator.dev.lunupay.com/v2/account-statement?backend=weasyprint","200","1,995101","15707","15707","c1710b9bba0575ae4a63cbaf4d5181ee50cf0d0c24d439b70666df87d4f3c4d5","True","D:\trading\landing2\CryptoInsightX1\CryptoInsightX\pdf_backend_check_20260204_150533\account-statement-v2__weasyprint__auto__run1__20260204_150855_987.bin","D:\trading\landing2\CryptoInsightX1\CryptoInsightX\pdf_backend_check_20260204_150533\account-statement-v2__weasyprint__auto__run1__20260204_150855_987.headers.txt",""
"account-statement-v2","/v2/account-statement","weasyprint","auto","","b8fd5e77007b410ef994a2b7db212ffb","application/pdf","2","https://pdf-generator.dev.lunupay.com/v2/account-statement?backend=weasyprint","200","1,912721","15706","15706","f00096977498d8008d0b635e8ed94e8290a98c43bcc311c7f0da4e9349cf478b","True","D:\trading\landing2\CryptoInsightX1\CryptoInsightX\pdf_backend_check_20260204_150533\account-statement-v2__weasyprint__auto__run2__20260204_150858_237.bin","D:\trading\landing2\CryptoInsightX1\CryptoInsightX\pdf_backend_check_20260204_150533\account-statement-v2__weasyprint__auto__run2__20260204_150858_237.headers.txt",""
"account-statement-v2","/v2/account-statement","weasyprint","auto","","a155b7dc1f284dc843f72e03167f54f4","application/pdf","3","https://pdf-generator.dev.lunupay.com/v2/account-statement?backend=weasyprint","200","1,749517","15707","15707","8d0488a85d4595b7adfb38b94a5facc339cd9e50286c14c4e173e98fa15ac517","True","D:\trading\landing2\CryptoInsightX1\CryptoInsightX\pdf_backend_check_20260204_150533\account-statement-v2__weasyprint__auto__run3__20260204_150900_411.bin","D:\trading\landing2\CryptoInsightX1\CryptoInsightX\pdf_backend_check_20260204_150533\account-statement-v2__weasyprint__auto__run3__20260204_150900_411.headers.txt",""
"account-statement-v2","/v2/account-statement","weasyprint","x_request_id","258621cd-250a-4b25-b73c-415761320d00","258621cd-250a-4b25-b73c-415761320d00","application/pdf","1","https://pdf-generator.dev.lunupay.com/v2/account-statement?backend=weasyprint","200","1,828843","15707","15707","95af1d7cae03a00eecae0bbb3d53316750fddda6510b8a2bcf271f0ada23cf38","True","D:\trading\landing2\CryptoInsightX1\CryptoInsightX\pdf_backend_check_20260204_150533\account-statement-v2__weasyprint__x_request_id__run1__20260204_150902_411.bin","D:\trading\landing2\CryptoInsightX1\CryptoInsightX\pdf_backend_check_20260204_150533\account-statement-v2__weasyprint__x_request_id__run1__20260204_150902_411.headers.txt",""
"account-statement-v2","/v2/account-statement","weasyprint","x_request_id","d240cabc-62b6-4814-ab10-ba03fb44dc53","d240cabc-62b6-4814-ab10-ba03fb44dc53","application/pdf","2","https://pdf-generator.dev.lunupay.com/v2/account-statement?backend=weasyprint","200","1,74833","15707","15707","a131727d47571b3db2170199ff788908d907807677bed1aa51eb4a46de78ee37","True","D:\trading\landing2\CryptoInsightX1\CryptoInsightX\pdf_backend_check_20260204_150533\account-statement-v2__weasyprint__x_request_id__run2__20260204_150904_490.bin","D:\trading\landing2\CryptoInsightX1\CryptoInsightX\pdf_backend_check_20260204_150533\account-statement-v2__weasyprint__x_request_id__run2__20260204_150904_490.headers.txt",""
"account-statement-v2","/v2/account-statement","weasyprint","x_request_id","6d709327-9491-42c0-9021-0fe130506ba4","6d709327-9491-42c0-9021-0fe130506ba4","application/pdf","3","https://pdf-generator.dev.lunupay.com/v2/account-statement?backend=weasyprint","200","1,883291","15709","15709","b90a1105e9869a4a153adabb5b11d8a4303e1c6d33ff9e756ff9888eaaae299f","True","D:\trading\landing2\CryptoInsightX1\CryptoInsightX\pdf_backend_check_20260204_150533\account-statement-v2__weasyprint__x_request_id__run3__20260204_150906_491.bin","D:\trading\landing2\CryptoInsightX1\CryptoInsightX\pdf_backend_check_20260204_150533\account-statement-v2__weasyprint__x_request_id__run3__20260204_150906_491.headers.txt",""
"account-invoice","/v1/account-invoice","default","auto","","ad9737c5cc89eff9108921489b7530f1","application/pdf","1","https://pdf-generator.dev.lunupay.com/v1/account-invoice","200","1,701671","16577","16577","fd5c3fd674b334a43fafc0d5422420cb95c6bd667a59be302cedbf0c54258e0a","True","D:\trading\landing2\CryptoInsightX1\CryptoInsightX\pdf_backend_check_20260204_150533\account-invoice__default__auto__run1__20260204_150908_635.bin","D:\trading\landing2\CryptoInsightX1\CryptoInsightX\pdf_backend_check_20260204_150533\account-invoice__default__auto__run1__20260204_150908_635.headers.txt",""
"account-invoice","/v1/account-invoice","default","auto","","845381ef8dc5d697c5f429409d252e4d","application/pdf","2","https://pdf-generator.dev.lunupay.com/v1/account-invoice","200","1,736771","16577","16577","5467cc3657c63fddf4b9aa5bd54338d7bbb85a281214a0175213fe38258b8621","True","D:\trading\landing2\CryptoInsightX1\CryptoInsightX\pdf_backend_check_20260204_150533\account-invoice__default__auto__run2__20260204_150910_595.bin","D:\trading\landing2\CryptoInsightX1\CryptoInsightX\pdf_backend_check_20260204_150533\account-invoice__default__auto__run2__20260204_150910_595.headers.txt",""
"account-invoice","/v1/account-invoice","default","auto","","7055e6655becdb3aa7641f4d15e800cd","application/pdf","3","https://pdf-generator.dev.lunupay.com/v1/account-invoice","200","1,650028","16582","16582","2a330861788e12ac6bb667833a6e0968d87bd16d4015a88075787bb54a2a3f4c","True","D:\trading\landing2\CryptoInsightX1\CryptoInsightX\pdf_backend_check_20260204_150533\account-invoice__default__auto__run3__20260204_150912_598.bin","D:\trading\landing2\CryptoInsightX1\CryptoInsightX\pdf_backend_check_20260204_150533\account-invoice__default__auto__run3__20260204_150912_598.headers.txt",""
"account-invoice","/v1/account-invoice","default","x_request_id","212560ac-73b5-40a6-bbc1-0f966cf6859a","212560ac-73b5-40a6-bbc1-0f966cf6859a","application/pdf","1","https://pdf-generator.dev.lunupay.com/v1/account-invoice","200","1,733682","16582","16582","88e3d52ef6e383364c06bcead6141acfba1bd0aa7df139d6ae63c3afe33d99c4","True","D:\trading\landing2\CryptoInsightX1\CryptoInsightX\pdf_backend_check_20260204_150533\account-invoice__default__x_request_id__run1__20260204_150914_498.bin","D:\trading\landing2\CryptoInsightX1\CryptoInsightX\pdf_backend_check_20260204_150533\account-invoice__default__x_request_id__run1__20260204_150914_498.headers.txt",""
"account-invoice","/v1/account-invoice","default","x_request_id","a17f312a-6363-441b-8b38-04deb9f7b97f","a17f312a-6363-441b-8b38-04deb9f7b97f","application/pdf","2","https://pdf-generator.dev.lunupay.com/v1/account-invoice","200","1,740083","16578","16578","fff85ba59608e442aea438ca49802f4d7a58101af2b65e31c25eb2508a58f925","True","D:\trading\landing2\CryptoInsightX1\CryptoInsightX\pdf_backend_check_20260204_150533\account-invoice__default__x_request_id__run2__20260204_150916_484.bin","D:\trading\landing2\CryptoInsightX1\CryptoInsightX\pdf_backend_check_20260204_150533\account-invoice__default__x_request_id__run2__20260204_150916_484.headers.txt",""
"account-invoice","/v1/account-invoice","default","x_request_id","51b06538-89d8-445e-a777-5dd0d37f8812","51b06538-89d8-445e-a777-5dd0d37f8812","application/pdf","3","https://pdf-generator.dev.lunupay.com/v1/account-invoice","200","1,839523","16583","16583","bcaf311c80d24c447202cce8a818e1350c203bbd86e1e962502aa900d90d5c02","True","D:\trading\landing2\CryptoInsightX1\CryptoInsightX\pdf_backend_check_20260204_150533\account-invoice__default__x_request_id__run3__20260204_150918_464.bin","D:\trading\landing2\CryptoInsightX1\CryptoInsightX\pdf_backend_check_20260204_150533\account-invoice__default__x_request_id__run3__20260204_150918_464.headers.txt",""
"account-invoice","/v1/account-invoice","chrome","auto","","7ad067b6894944b1d807ffe85d54dcb8","application/pdf","1","https://pdf-generator.dev.lunupay.com/v1/account-invoice?backend=chrome","200","2,970357","45063","45063","baf3c5105caa203ca41db5850f19a861bfd3076ecf1b91275e811ac2ad0aa996","True","D:\trading\landing2\CryptoInsightX1\CryptoInsightX\pdf_backend_check_20260204_150533\account-invoice__chrome__auto__run1__20260204_150920_577.bin","D:\trading\landing2\CryptoInsightX1\CryptoInsightX\pdf_backend_check_20260204_150533\account-invoice__chrome__auto__run1__20260204_150920_577.headers.txt",""
"account-invoice","/v1/account-invoice","chrome","auto","","b588861d7ed71436d1d3c38b56dc59f2","application/pdf","2","https://pdf-generator.dev.lunupay.com/v1/account-invoice?backend=chrome","200","3,049954","45063","45063","7c291e59380e4625b068983636aa3456895061b7ec0e4235dd101cb268bda2eb","True","D:\trading\landing2\CryptoInsightX1\CryptoInsightX\pdf_backend_check_20260204_150533\account-invoice__chrome__auto__run2__20260204_150923_836.bin","D:\trading\landing2\CryptoInsightX1\CryptoInsightX\pdf_backend_check_20260204_150533\account-invoice__chrome__auto__run2__20260204_150923_836.headers.txt",""
"account-invoice","/v1/account-invoice","chrome","auto","","15412876ac5d14b6123b062b2a749879","application/pdf","3","https://pdf-generator.dev.lunupay.com/v1/account-invoice?backend=chrome","200","2,543808","45063","45063","432943c19f472775ac17c576e0065512ae62ab558c779cf1dafab13412ed5f67","True","D:\trading\landing2\CryptoInsightX1\CryptoInsightX\pdf_backend_check_20260204_150533\account-invoice__chrome__auto__run3__20260204_150927_146.bin","D:\trading\landing2\CryptoInsightX1\CryptoInsightX\pdf_backend_check_20260204_150533\account-invoice__chrome__auto__run3__20260204_150927_146.headers.txt",""
"account-invoice","/v1/account-invoice","chrome","x_request_id","48f2fa74-3bec-47aa-acdb-7760acc2dc6c","48f2fa74-3bec-47aa-acdb-7760acc2dc6c","application/pdf","1","https://pdf-generator.dev.lunupay.com/v1/account-invoice?backend=chrome","200","3,199187","45063","45063","2e418c5093a247be9fed9450b51f64bb17ea62a8ccabc6b8e0ab14fb5560a572","True","D:\trading\landing2\CryptoInsightX1\CryptoInsightX\pdf_backend_check_20260204_150533\account-invoice__chrome__x_request_id__run1__20260204_150929_980.bin","D:\trading\landing2\CryptoInsightX1\CryptoInsightX\pdf_backend_check_20260204_150533\account-invoice__chrome__x_request_id__run1__20260204_150929_980.headers.txt",""
"account-invoice","/v1/account-invoice","chrome","x_request_id","799d8464-69d8-4629-b10c-69ed29ee2c1f","799d8464-69d8-4629-b10c-69ed29ee2c1f","application/pdf","2","https://pdf-generator.dev.lunupay.com/v1/account-invoice?backend=chrome","200","2,324936","45063","45063","3789b5830c280f772be19ba41ff8a4298df5a2f62f775d619239a6fce502a86f","True","D:\trading\landing2\CryptoInsightX1\CryptoInsightX\pdf_backend_check_20260204_150533\account-invoice__chrome__x_request_id__run2__20260204_150933_429.bin","D:\trading\landing2\CryptoInsightX1\CryptoInsightX\pdf_backend_check_20260204_150533\account-invoice__chrome__x_request_id__run2__20260204_150933_429.headers.txt",""
"account-invoice","/v1/account-invoice","chrome","x_request_id","6a9c40d5-16be-4877-a9e6-70588cb3142d","6a9c40d5-16be-4877-a9e6-70588cb3142d","application/pdf","3","https://pdf-generator.dev.lunupay.com/v1/account-invoice?backend=chrome","200","2,303514","45063","45063","b681fbe6c1a671cbcc79886d06f446478e084d6c42bcb9e68f765502356aaa33","True","D:\trading\landing2\CryptoInsightX1\CryptoInsightX\pdf_backend_check_20260204_150533\account-invoice__chrome__x_request_id__run3__20260204_150936_003.bin","D:\trading\landing2\CryptoInsightX1\CryptoInsightX\pdf_backend_check_20260204_150533\account-invoice__chrome__x_request_id__run3__20260204_150936_003.headers.txt",""
"account-invoice","/v1/account-invoice","weasyprint","auto","","c4a63634aea093dce7a36e832e021417","application/pdf","1","https://pdf-generator.dev.lunupay.com/v1/account-invoice?backend=weasyprint","200","1,649077","16587","16587","bc677688479b7748238c31f0ebb261c54877d365f5b5b62ae8680277a3d9ac0c","True","D:\trading\landing2\CryptoInsightX1\CryptoInsightX\pdf_backend_check_20260204_150533\account-invoice__weasyprint__auto__run1__20260204_150938_595.bin","D:\trading\landing2\CryptoInsightX1\CryptoInsightX\pdf_backend_check_20260204_150533\account-invoice__weasyprint__auto__run1__20260204_150938_595.headers.txt",""
"account-invoice","/v1/account-invoice","weasyprint","auto","","28bbfe4d7593d86078c7c43714bcfd42","application/pdf","2","https://pdf-generator.dev.lunupay.com/v1/account-invoice?backend=weasyprint","200","1,627718","16584","16584","ac17f9784b5eb9a6d645f5952319e0751dbebf1d6cdecf10579e1ee8148d0b29","True","D:\trading\landing2\CryptoInsightX1\CryptoInsightX\pdf_backend_check_20260204_150533\account-invoice__weasyprint__auto__run2__20260204_150940_517.bin","D:\trading\landing2\CryptoInsightX1\CryptoInsightX\pdf_backend_check_20260204_150533\account-invoice__weasyprint__auto__run2__20260204_150940_517.headers.txt",""
"account-invoice","/v1/account-invoice","weasyprint","auto","","7859ced11be6c3b94468c653359256e6","application/pdf","3","https://pdf-generator.dev.lunupay.com/v1/account-invoice?backend=weasyprint","200","1,726878","16582","16582","62ffc5778a5f21718965c239a83f98ead0ff0c052efd77e4333935df52132680","True","D:\trading\landing2\CryptoInsightX1\CryptoInsightX\pdf_backend_check_20260204_150533\account-invoice__weasyprint__auto__run3__20260204_150942_408.bin","D:\trading\landing2\CryptoInsightX1\CryptoInsightX\pdf_backend_check_20260204_150533\account-invoice__weasyprint__auto__run3__20260204_150942_408.headers.txt",""
"account-invoice","/v1/account-invoice","weasyprint","x_request_id","bc397405-012b-42f0-bc99-c9ddf02dd54a","bc397405-012b-42f0-bc99-c9ddf02dd54a","application/pdf","1","https://pdf-generator.dev.lunupay.com/v1/account-invoice?backend=weasyprint","200","1,627557","16579","16579","964fd90e1adde12385514065eae2a99c348eb32c228535ff6e4fcdbaf0906325","True","D:\trading\landing2\CryptoInsightX1\CryptoInsightX\pdf_backend_check_20260204_150533\account-invoice__weasyprint__x_request_id__run1__20260204_150944_402.bin","D:\trading\landing2\CryptoInsightX1\CryptoInsightX\pdf_backend_check_20260204_150533\account-invoice__weasyprint__x_request_id__run1__20260204_150944_402.headers.txt",""
"account-invoice","/v1/account-invoice","weasyprint","x_request_id","fe451337-0e9d-40ac-9aef-78bcc2e33ff5","fe451337-0e9d-40ac-9aef-78bcc2e33ff5","application/pdf","2","https://pdf-generator.dev.lunupay.com/v1/account-invoice?backend=weasyprint","200","1,68321","16579","16579","4fd6d0ff91f66c0353bc106ce703d7879ec0a6d65a70dde0aec2bce68435a7b3","True","D:\trading\landing2\CryptoInsightX1\CryptoInsightX\pdf_backend_check_20260204_150533\account-invoice__weasyprint__x_request_id__run2__20260204_150946_295.bin","D:\trading\landing2\CryptoInsightX1\CryptoInsightX\pdf_backend_check_20260204_150533\account-invoice__weasyprint__x_request_id__run2__20260204_150946_295.headers.txt",""
"account-invoice","/v1/account-invoice","weasyprint","x_request_id","00b5c966-d79f-468b-b389-c33febafb766","00b5c966-d79f-468b-b389-c33febafb766","application/pdf","3","https://pdf-generator.dev.lunupay.com/v1/account-invoice?backend=weasyprint","200","1,730991","16582","16582","bf641eae4e0a6906a046212e8f9aa999aba77420fc978e69c1b7ac765ade31a9","True","D:\trading\landing2\CryptoInsightX1\CryptoInsightX\pdf_backend_check_20260204_150533\account-invoice__weasyprint__x_request_id__run3__20260204_150948_219.bin","D:\trading\landing2\CryptoInsightX1\CryptoInsightX\pdf_backend_check_20260204_150533\account-invoice__weasyprint__x_request_id__run3__20260204_150948_219.headers.txt",""
"health","/v1/health","default","auto","","f5da30b078c31db58f14c78a7cf36440","","1","https://pdf-generator.dev.lunupay.com/v1/health","405","0,387356","0","0","e3b0c44298fc1c149afbf4c8996fb92427ae41e4649b934ca495991b7852b855","False","D:\trading\landing2\CryptoInsightX1\CryptoInsightX\pdf_backend_check_20260204_150533\health__default__auto__run1__20260204_150950_228.bin","D:\trading\landing2\CryptoInsightX1\CryptoInsightX\pdf_backend_check_20260204_150533\health__default__auto__run1__20260204_150950_228.headers.txt",""
"health","/v1/health","default","auto","","64b4465148ff572946a80550d0fd3fd0","","2","https://pdf-generator.dev.lunupay.com/v1/health","405","0,466933","0","0","e3b0c44298fc1c149afbf4c8996fb92427ae41e4649b934ca495991b7852b855","False","D:\trading\landing2\CryptoInsightX1\CryptoInsightX\pdf_backend_check_20260204_150533\health__default__auto__run2__20260204_150950_912.bin","D:\trading\landing2\CryptoInsightX1\CryptoInsightX\pdf_backend_check_20260204_150533\health__default__auto__run2__20260204_150950_912.headers.txt",""
"health","/v1/health","default","auto","","03675f9605cc39fd718369125238071f","","3","https://pdf-generator.dev.lunupay.com/v1/health","405","0,856632","0","0","e3b0c44298fc1c149afbf4c8996fb92427ae41e4649b934ca495991b7852b855","False","D:\trading\landing2\CryptoInsightX1\CryptoInsightX\pdf_backend_check_20260204_150533\health__default__auto__run3__20260204_150951_660.bin","D:\trading\landing2\CryptoInsightX1\CryptoInsightX\pdf_backend_check_20260204_150533\health__default__auto__run3__20260204_150951_660.headers.txt",""
"health","/v1/health","default","x_request_id","16ca0b99-cf24-471b-b4fd-9ea8a4c15e9c","16ca0b99-cf24-471b-b4fd-9ea8a4c15e9c","","1","https://pdf-generator.dev.lunupay.com/v1/health","405","0,549171","0","0","e3b0c44298fc1c149afbf4c8996fb92427ae41e4649b934ca495991b7852b855","False","D:\trading\landing2\CryptoInsightX1\CryptoInsightX\pdf_backend_check_20260204_150533\health__default__x_request_id__run1__20260204_150952_819.bin","D:\trading\landing2\CryptoInsightX1\CryptoInsightX\pdf_backend_check_20260204_150533\health__default__x_request_id__run1__20260204_150952_819.headers.txt",""
"health","/v1/health","default","x_request_id","39e94f2a-fad2-4008-87ad-973d78047199","39e94f2a-fad2-4008-87ad-973d78047199","","2","https://pdf-generator.dev.lunupay.com/v1/health","405","0,529595","0","0","e3b0c44298fc1c149afbf4c8996fb92427ae41e4649b934ca495991b7852b855","False","D:\trading\landing2\CryptoInsightX1\CryptoInsightX\pdf_backend_check_20260204_150533\health__default__x_request_id__run2__20260204_150953_673.bin","D:\trading\landing2\CryptoInsightX1\CryptoInsightX\pdf_backend_check_20260204_150533\health__default__x_request_id__run2__20260204_150953_673.headers.txt",""
"health","/v1/health","default","x_request_id","83aeed4e-6f26-4e27-a6e3-c11772b9562b","83aeed4e-6f26-4e27-a6e3-c11772b9562b","","3","https://pdf-generator.dev.lunupay.com/v1/health","405","0,436849","0","0","e3b0c44298fc1c149afbf4c8996fb92427ae41e4649b934ca495991b7852b855","False","D:\trading\landing2\CryptoInsightX1\CryptoInsightX\pdf_backend_check_20260204_150533\health__default__x_request_id__run3__20260204_150954_500.bin","D:\trading\landing2\CryptoInsightX1\CryptoInsightX\pdf_backend_check_20260204_150533\health__default__x_request_id__run3__20260204_150954_500.headers.txt",""
"health","/v1/health","chrome","auto","","19bbaca756fb6571c2aa8785296b9499","","1","https://pdf-generator.dev.lunupay.com/v1/health?backend=chrome","405","0,513391","0","0","e3b0c44298fc1c149afbf4c8996fb92427ae41e4649b934ca495991b7852b855","False","D:\trading\landing2\CryptoInsightX1\CryptoInsightX\pdf_backend_check_20260204_150533\health__chrome__auto__run1__20260204_150955_195.bin","D:\trading\landing2\CryptoInsightX1\CryptoInsightX\pdf_backend_check_20260204_150533\health__chrome__auto__run1__20260204_150955_195.headers.txt",""
"health","/v1/health","chrome","auto","","961423b8ba2135771d89c809d89dade3","","2","https://pdf-generator.dev.lunupay.com/v1/health?backend=chrome","405","0,460653","0","0","e3b0c44298fc1c149afbf4c8996fb92427ae41e4649b934ca495991b7852b855","False","D:\trading\landing2\CryptoInsightX1\CryptoInsightX\pdf_backend_check_20260204_150533\health__chrome__auto__run2__20260204_150955_969.bin","D:\trading\landing2\CryptoInsightX1\CryptoInsightX\pdf_backend_check_20260204_150533\health__chrome__auto__run2__20260204_150955_969.headers.txt",""
"health","/v1/health","chrome","auto","","54624b6c38848d1973e9a4aeeff1d160","","3","https://pdf-generator.dev.lunupay.com/v1/health?backend=chrome","405","0,463273","0","0","e3b0c44298fc1c149afbf4c8996fb92427ae41e4649b934ca495991b7852b855","False","D:\trading\landing2\CryptoInsightX1\CryptoInsightX\pdf_backend_check_20260204_150533\health__chrome__auto__run3__20260204_150956_680.bin","D:\trading\landing2\CryptoInsightX1\CryptoInsightX\pdf_backend_check_20260204_150533\health__chrome__auto__run3__20260204_150956_680.headers.txt",""
"health","/v1/health","chrome","x_request_id","8f12ac0b-bc0d-4bc9-80b5-14096a69de00","8f12ac0b-bc0d-4bc9-80b5-14096a69de00","","1","https://pdf-generator.dev.lunupay.com/v1/health?backend=chrome","405","0,466705","0","0","e3b0c44298fc1c149afbf4c8996fb92427ae41e4649b934ca495991b7852b855","False","D:\trading\landing2\CryptoInsightX1\CryptoInsightX\pdf_backend_check_20260204_150533\health__chrome__x_request_id__run1__20260204_150957_391.bin","D:\trading\landing2\CryptoInsightX1\CryptoInsightX\pdf_backend_check_20260204_150533\health__chrome__x_request_id__run1__20260204_150957_391.headers.txt",""
"health","/v1/health","chrome","x_request_id","fd19c9c4-7917-4bae-9d74-0d0dad3f7255","fd19c9c4-7917-4bae-9d74-0d0dad3f7255","","2","https://pdf-generator.dev.lunupay.com/v1/health?backend=chrome","405","0,516229","0","0","e3b0c44298fc1c149afbf4c8996fb92427ae41e4649b934ca495991b7852b855","False","D:\trading\landing2\CryptoInsightX1\CryptoInsightX\pdf_backend_check_20260204_150533\health__chrome__x_request_id__run2__20260204_150958_137.bin","D:\trading\landing2\CryptoInsightX1\CryptoInsightX\pdf_backend_check_20260204_150533\health__chrome__x_request_id__run2__20260204_150958_137.headers.txt",""
"health","/v1/health","chrome","x_request_id","67fe97bb-5ed7-4638-bdc6-d847c5a6294d","67fe97bb-5ed7-4638-bdc6-d847c5a6294d","","3","https://pdf-generator.dev.lunupay.com/v1/health?backend=chrome","405","0,461544","0","0","e3b0c44298fc1c149afbf4c8996fb92427ae41e4649b934ca495991b7852b855","False","D:\trading\landing2\CryptoInsightX1\CryptoInsightX\pdf_backend_check_20260204_150533\health__chrome__x_request_id__run3__20260204_150958_926.bin","D:\trading\landing2\CryptoInsightX1\CryptoInsightX\pdf_backend_check_20260204_150533\health__chrome__x_request_id__run3__20260204_150958_926.headers.txt",""
"health","/v1/health","weasyprint","auto","","9ea48cc8e6c97a4dbb267ffff89fecb2","","1","https://pdf-generator.dev.lunupay.com/v1/health?backend=weasyprint","405","0,451028","0","0","e3b0c44298fc1c149afbf4c8996fb92427ae41e4649b934ca495991b7852b855","False","D:\trading\landing2\CryptoInsightX1\CryptoInsightX\pdf_backend_check_20260204_150533\health__weasyprint__auto__run1__20260204_150959_658.bin","D:\trading\landing2\CryptoInsightX1\CryptoInsightX\pdf_backend_check_20260204_150533\health__weasyprint__auto__run1__20260204_150959_658.headers.txt",""
"health","/v1/health","weasyprint","auto","","ee50969e61e51b66c0594a8debc07651","","2","https://pdf-generator.dev.lunupay.com/v1/health?backend=weasyprint","405","0,474207","0","0","e3b0c44298fc1c149afbf4c8996fb92427ae41e4649b934ca495991b7852b855","False","D:\trading\landing2\CryptoInsightX1\CryptoInsightX\pdf_backend_check_20260204_150533\health__weasyprint__auto__run2__20260204_151000_370.bin","D:\trading\landing2\CryptoInsightX1\CryptoInsightX\pdf_backend_check_20260204_150533\health__weasyprint__auto__run2__20260204_151000_370.headers.txt",""
"health","/v1/health","weasyprint","auto","","964e7ccfa194e1135d73f6f8c35a1733","","3","https://pdf-generator.dev.lunupay.com/v1/health?backend=weasyprint","405","0,538619","0","0","e3b0c44298fc1c149afbf4c8996fb92427ae41e4649b934ca495991b7852b855","False","D:\trading\landing2\CryptoInsightX1\CryptoInsightX\pdf_backend_check_20260204_150533\health__weasyprint__auto__run3__20260204_151001_105.bin","D:\trading\landing2\CryptoInsightX1\CryptoInsightX\pdf_backend_check_20260204_150533\health__weasyprint__auto__run3__20260204_151001_105.headers.txt",""
"health","/v1/health","weasyprint","x_request_id","cfcc728d-fc1d-45d2-89ee-6e9b517d2d86","cfcc728d-fc1d-45d2-89ee-6e9b517d2d86","","1","https://pdf-generator.dev.lunupay.com/v1/health?backend=weasyprint","405","0,407208","0","0","e3b0c44298fc1c149afbf4c8996fb92427ae41e4649b934ca495991b7852b855","False","D:\trading\landing2\CryptoInsightX1\CryptoInsightX\pdf_backend_check_20260204_150533\health__weasyprint__x_request_id__run1__20260204_151001_926.bin","D:\trading\landing2\CryptoInsightX1\CryptoInsightX\pdf_backend_check_20260204_150533\health__weasyprint__x_request_id__run1__20260204_151001_926.headers.txt",""
"health","/v1/health","weasyprint","x_request_id","bffeaa43-d0ff-4383-82eb-9ce78f797a48","bffeaa43-d0ff-4383-82eb-9ce78f797a48","","2","https://pdf-generator.dev.lunupay.com/v1/health?backend=weasyprint","405","0,452767","0","0","e3b0c44298fc1c149afbf4c8996fb92427ae41e4649b934ca495991b7852b855","False","D:\trading\landing2\CryptoInsightX1\CryptoInsightX\pdf_backend_check_20260204_150533\health__weasyprint__x_request_id__run2__20260204_151002_591.bin","D:\trading\landing2\CryptoInsightX1\CryptoInsightX\pdf_backend_check_20260204_150533\health__weasyprint__x_request_id__run2__20260204_151002_591.headers.txt",""
"health","/v1/health","weasyprint","x_request_id","61050445-56e7-4409-a158-fecbfbe4b36c","61050445-56e7-4409-a158-fecbfbe4b36c","","3","https://pdf-generator.dev.lunupay.com/v1/health?backend=weasyprint","405","0,466139","0","0","e3b0c44298fc1c149afbf4c8996fb92427ae41e4649b934ca495991b7852b855","False","D:\trading\landing2\CryptoInsightX1\CryptoInsightX\pdf_backend_check_20260204_150533\health__weasyprint__x_request_id__run3__20260204_151003_301.bin","D:\trading\landing2\CryptoInsightX1\CryptoInsightX\pdf_backend_check_20260204_150533\health__weasyprint__x_request_id__run3__20260204_151003_301.headers.txt",""
